{
  "project_info": {
    "project_number": "262156914849",
    "project_id": "makanan-eb3a9",
    "storage_bucket": "makanan-eb3a9.appspot.com"
  },
  "client": [
    {
      "client_info": {
        "mobilesdk_app_id": "1:262156914849:android:3748c9e6aacaadcaa120e0",
        "android_client_info": {
          "package_name": "com.example.makanan"
        }
      },
      "oauth_client": [
        {
          "client_id": "262156914849-kfhc2rii10eoi5824k6no23k1c0dj530.apps.googleusercontent.com",
          "client_type": 3
        }
      ],
      "api_key": [
        {
          "current_key": "AIzaSyAaY0DYjhUVbmCD3DJvRlXyIdXftDwXCmU"
        }
      ],
      "services": {
        "appinvite_service": {
          "other_platform_oauth_client": [
            {
              "client_id": "262156914849-kfhc2rii10eoi5824k6no23k1c0dj530.apps.googleusercontent.com",
              "client_type": 3
            }
          ]
        }
      }
    }
  ],
  "configuration_version": "1"
}